Current Date,Sale ID,Product ID,Name,Price
2024-38-09/05/24,1,P005,Mobile Phone Case,15
2024-38-09/05/24,2,P001,Wireless Headphones,100
2024-38-09/05/24,3,P001,Wireless Headphones,100
2024-38-09/05/24,4,P006,Wireless Mouse,30
2024-38-09/05/24,5,P006,Wireless Mouse,30
2024-38-09/05/24,6,P003,Bluetooth Speaker,50
2024-38-09/05/24,7,P004,USB flash Drive,20
2024-38-09/05/24,8,P007,Laptop Stand,40
2024-38-09/05/24,9,P005,Mobile Phone Case,15
2024-38-09/05/24,10,P006,Wireless Mouse,30
2024-38-09/05/24,11,P004,USB flash Drive,20
2024-38-09/05/24,12,P006,Wireless Mouse,30
2024-38-09/05/24,13,P007,Laptop Stand,40
2024-38-09/05/24,14,P004,USB flash Drive,20
2024-38-09/05/24,15,P005,Mobile Phone Case,15
2024-38-09/05/24,16,P010,External Hard Drive,100
2024-38-09/05/24,17,P010,External Hard Drive,100
2024-38-09/05/24,18,P004,USB flash Drive,20
2024-38-09/05/24,19,P009,Smartphone,600
2024-38-09/05/24,20,P001,Wireless Headphones,100
2024-38-09/05/24,21,P008,HDMI Cable,15
2024-38-09/05/24,22,P007,Laptop Stand,40
2024-38-09/05/24,23,P007,Laptop Stand,40
2024-38-09/05/24,24,P003,Bluetooth Speaker,50
2024-38-09/05/24,25,P007,Laptop Stand,40
2024-38-09/05/24,26,P003,Bluetooth Speaker,50
2024-38-09/05/24,27,P002,Laptop Backpack,60
2024-38-09/05/24,28,P001,Wireless Headphones,100
2024-38-09/05/24,29,P004,USB flash Drive,20
2024-38-09/05/24,30,P006,Wireless Mouse,30
2024-38-09/05/24,31,P002,Laptop Backpack,60
2024-38-09/05/24,32,P003,Bluetooth Speaker,50
2024-38-09/05/24,33,P008,HDMI Cable,15
2024-38-09/05/24,34,P004,USB flash Drive,20
2024-38-09/05/24,35,P009,Smartphone,600
2024-38-09/05/24,36,P001,Wireless Headphones,100
2024-38-09/05/24,37,P003,Bluetooth Speaker,50
2024-38-09/05/24,38,P006,Wireless Mouse,30
2024-38-09/05/24,39,P008,HDMI Cable,15
2024-38-09/05/24,40,P004,USB flash Drive,20
2024-38-09/05/24,41,P009,Smartphone,600
2024-38-09/05/24,42,P008,HDMI Cable,15
2024-38-09/05/24,43,P006,Wireless Mouse,30
2024-38-09/05/24,44,P005,Mobile Phone Case,15
2024-38-09/05/24,45,P005,Mobile Phone Case,15
2024-38-09/05/24,46,P001,Wireless Headphones,100
2024-38-09/05/24,47,P002,Laptop Backpack,60
2024-38-09/05/24,48,P005,Mobile Phone Case,15
2024-38-09/05/24,49,P002,Laptop Backpack,60
2024-38-09/05/24,50,P009,Smartphone,600
2024-38-09/05/24,51,P002,Laptop Backpack,60
2024-38-09/05/24,52,P001,Wireless Headphones,100
2024-38-09/05/24,53,P006,Wireless Mouse,30
2024-38-09/05/24,54,P008,HDMI Cable,15
2024-38-09/05/24,55,P006,Wireless Mouse,30
2024-38-09/05/24,56,P010,External Hard Drive,100
2024-38-09/05/24,57,P002,Laptop Backpack,60
2024-38-09/05/24,58,P008,HDMI Cable,15
2024-38-09/05/24,59,P002,Laptop Backpack,60
2024-38-09/05/24,60,P001,Wireless Headphones,100
2024-38-09/05/24,61,P008,HDMI Cable,15
2024-38-09/05/24,62,P008,HDMI Cable,15
2024-38-09/05/24,63,P006,Wireless Mouse,30
2024-38-09/05/24,64,P006,Wireless Mouse,30
2024-38-09/05/24,65,P002,Laptop Backpack,60
2024-38-09/05/24,66,P004,USB flash Drive,20
2024-38-09/05/24,67,P005,Mobile Phone Case,15
2024-38-09/05/24,68,P001,Wireless Headphones,100
2024-38-09/05/24,69,P010,External Hard Drive,100
2024-38-09/05/24,70,P001,Wireless Headphones,100
2024-38-09/05/24,71,P003,Bluetooth Speaker,50
2024-38-09/05/24,72,P001,Wireless Headphones,100
2024-38-09/05/24,73,P003,Bluetooth Speaker,50
2024-38-09/05/24,74,P010,External Hard Drive,100
2024-38-09/05/24,75,P008,HDMI Cable,15
2024-38-09/05/24,76,P004,USB flash Drive,20
2024-38-09/05/24,77,P006,Wireless Mouse,30
2024-38-09/05/24,78,P005,Mobile Phone Case,15
2024-38-09/05/24,79,P001,Wireless Headphones,100
2024-38-09/05/24,80,P009,Smartphone,600
2024-38-09/05/24,81,P009,Smartphone,600
2024-38-09/05/24,82,P010,External Hard Drive,100
2024-38-09/05/24,83,P008,HDMI Cable,15
2024-38-09/05/24,84,P006,Wireless Mouse,30
2024-38-09/05/24,85,P004,USB flash Drive,20
2024-38-09/05/24,86,P002,Laptop Backpack,60
2024-38-09/05/24,87,P001,Wireless Headphones,100
2024-38-09/05/24,88,P003,Bluetooth Speaker,50
2024-38-09/05/24,89,P003,Bluetooth Speaker,50
2024-38-09/05/24,90,P001,Wireless Headphones,100
2024-38-09/05/24,91,P004,USB flash Drive,20
2024-38-09/05/24,92,P005,Mobile Phone Case,15
2024-38-09/05/24,93,P010,External Hard Drive,100
2024-38-09/05/24,94,P001,Wireless Headphones,100
2024-38-09/05/24,95,P006,Wireless Mouse,30
2024-38-09/05/24,96,P006,Wireless Mouse,30
2024-38-09/05/24,97,P002,Laptop Backpack,60
2024-38-09/05/24,98,P002,Laptop Backpack,60
2024-38-09/05/24,99,P010,External Hard Drive,100
2024-38-09/05/24,100,P004,USB flash Drive,20
2024-38-09/05/24,101,P005,Mobile Phone Case,15
2024-38-09/05/24,102,P010,External Hard Drive,100
2024-38-09/05/24,103,P001,Wireless Headphones,100
2024-38-09/05/24,104,P008,HDMI Cable,15
2024-38-09/05/24,105,P003,Bluetooth Speaker,50
2024-38-09/05/24,106,P008,HDMI Cable,15
2024-38-09/05/24,107,P001,Wireless Headphones,100
2024-38-09/05/24,108,P001,Wireless Headphones,100
2024-38-09/05/24,109,P004,USB flash Drive,20
2024-38-09/05/24,110,P001,Wireless Headphones,100
2024-38-09/05/24,111,P003,Bluetooth Speaker,50
2024-38-09/05/24,112,P004,USB flash Drive,20
2024-38-09/05/24,113,P004,USB flash Drive,20
2024-38-09/05/24,114,P003,Bluetooth Speaker,50
2024-38-09/05/24,115,P003,Bluetooth Speaker,50
2024-38-09/05/24,116,P004,USB flash Drive,20
2024-38-09/05/24,117,P008,HDMI Cable,15
2024-38-09/05/24,118,P008,HDMI Cable,15
2024-38-09/05/24,119,P009,Smartphone,600
2024-38-09/05/24,120,P001,Wireless Headphones,100
2024-38-09/05/24,121,P006,Wireless Mouse,30
2024-38-09/05/24,122,P001,Wireless Headphones,100
2024-38-09/05/24,123,P009,Smartphone,600
2024-38-09/05/24,124,P008,HDMI Cable,15
2024-38-09/05/24,125,P010,External Hard Drive,100
2024-38-09/05/24,126,P001,Wireless Headphones,100
2024-38-09/05/24,127,P007,Laptop Stand,40
2024-38-09/05/24,128,P001,Wireless Headphones,100
2024-38-09/05/24,129,P002,Laptop Backpack,60
2024-38-09/05/24,130,P009,Smartphone,600
2024-38-09/05/24,131,P007,Laptop Stand,40
2024-38-09/05/24,132,P003,Bluetooth Speaker,50
2024-38-09/05/24,133,P001,Wireless Headphones,100
2024-38-09/05/24,134,P005,Mobile Phone Case,15
2024-38-09/05/24,135,P006,Wireless Mouse,30
2024-38-09/05/24,136,P006,Wireless Mouse,30
2024-38-09/05/24,137,P003,Bluetooth Speaker,50
2024-38-09/05/24,138,P006,Wireless Mouse,30
2024-38-09/05/24,139,P002,Laptop Backpack,60
2024-38-09/05/24,140,P001,Wireless Headphones,100
2024-38-09/05/24,141,P010,External Hard Drive,100
2024-38-09/05/24,142,P010,External Hard Drive,100
2024-38-09/05/24,143,P003,Bluetooth Speaker,50
2024-38-09/05/24,144,P003,Bluetooth Speaker,50
2024-38-09/05/24,145,P010,External Hard Drive,100
2024-38-09/05/24,146,P001,Wireless Headphones,100
2024-38-09/05/24,147,P004,USB flash Drive,20
2024-38-09/05/24,148,P002,Laptop Backpack,60
2024-38-09/05/24,149,P008,HDMI Cable,15
2024-38-09/05/24,150,P001,Wireless Headphones,100
2024-38-09/05/24,151,P001,Wireless Headphones,100
2024-38-09/05/24,152,P001,Wireless Headphones,100
2024-38-09/05/24,153,P003,Bluetooth Speaker,50
2024-38-09/05/24,154,P001,Wireless Headphones,100
2024-38-09/05/24,155,P006,Wireless Mouse,30
2024-38-09/05/24,156,P010,External Hard Drive,100
2024-38-09/05/24,157,P008,HDMI Cable,15
2024-38-09/05/24,158,P002,Laptop Backpack,60
2024-38-09/05/24,159,P008,HDMI Cable,15
2024-38-09/05/24,160,P003,Bluetooth Speaker,50
2024-38-09/05/24,161,P008,HDMI Cable,15
2024-38-09/05/24,162,P005,Mobile Phone Case,15
2024-38-09/05/24,163,P004,USB flash Drive,20
2024-38-09/05/24,164,P003,Bluetooth Speaker,50
2024-38-09/05/24,165,P005,Mobile Phone Case,15
2024-38-09/05/24,166,P007,Laptop Stand,40
2024-38-09/05/24,167,P010,External Hard Drive,100
2024-38-09/05/24,168,P004,USB flash Drive,20
2024-38-09/05/24,169,P006,Wireless Mouse,30
2024-38-09/05/24,170,P008,HDMI Cable,15
2024-38-09/05/24,171,P006,Wireless Mouse,30
2024-38-09/05/24,172,P005,Mobile Phone Case,15
2024-38-09/05/24,173,P009,Smartphone,600
2024-38-09/05/24,174,P007,Laptop Stand,40
2024-38-09/05/24,175,P001,Wireless Headphones,100
2024-38-09/05/24,176,P008,HDMI Cable,15
2024-38-09/05/24,177,P009,Smartphone,600
2024-38-09/05/24,178,P001,Wireless Headphones,100
2024-38-09/05/24,179,P001,Wireless Headphones,100
2024-38-09/05/24,180,P003,Bluetooth Speaker,50
2024-38-09/05/24,181,P006,Wireless Mouse,30
2024-38-09/05/24,182,P006,Wireless Mouse,30
2024-38-09/05/24,183,P001,Wireless Headphones,100
2024-38-09/05/24,184,P004,USB flash Drive,20
2024-38-09/05/24,185,P008,HDMI Cable,15
2024-38-09/05/24,186,P001,Wireless Headphones,100
2024-38-09/05/24,187,P007,Laptop Stand,40
2024-38-09/05/24,188,P004,USB flash Drive,20
2024-38-09/05/24,189,P001,Wireless Headphones,100
2024-38-09/05/24,190,P001,Wireless Headphones,100
2024-38-09/05/24,191,P006,Wireless Mouse,30
2024-38-09/05/24,192,P009,Smartphone,600
2024-38-09/05/24,193,P004,USB flash Drive,20
2024-38-09/05/24,194,P004,USB flash Drive,20
2024-38-09/05/24,195,P008,HDMI Cable,15
2024-38-09/05/24,196,P002,Laptop Backpack,60
2024-38-09/05/24,197,P006,Wireless Mouse,30
2024-38-09/05/24,198,P008,HDMI Cable,15
2024-38-09/05/24,199,P006,Wireless Mouse,30
2024-38-09/05/24,200,P003,Bluetooth Speaker,50
2024-38-09/05/24,201,P001,Wireless Headphones,100
2024-38-09/05/24,202,P004,USB flash Drive,20
2024-38-09/05/24,203,P004,USB flash Drive,20
2024-38-09/05/24,204,P002,Laptop Backpack,60
2024-38-09/05/24,205,P006,Wireless Mouse,30
2024-38-09/05/24,206,P004,USB flash Drive,20
2024-38-09/05/24,207,P001,Wireless Headphones,100
2024-38-09/05/24,208,P005,Mobile Phone Case,15
2024-38-09/05/24,209,P002,Laptop Backpack,60
2024-38-09/05/24,210,P006,Wireless Mouse,30
2024-38-09/05/24,211,P003,Bluetooth Speaker,50
2024-38-09/05/24,212,P001,Wireless Headphones,100
2024-38-09/05/24,213,P003,Bluetooth Speaker,50
2024-38-09/05/24,214,P003,Bluetooth Speaker,50
2024-38-09/05/24,215,P009,Smartphone,600
2024-38-09/05/24,216,P008,HDMI Cable,15
2024-38-09/05/24,217,P010,External Hard Drive,100
2024-38-09/05/24,218,P006,Wireless Mouse,30
2024-38-09/05/24,219,P005,Mobile Phone Case,15
2024-38-09/05/24,220,P010,External Hard Drive,100
2024-38-09/05/24,221,P002,Laptop Backpack,60
2024-38-09/05/24,222,P005,Mobile Phone Case,15
2024-38-09/05/24,223,P010,External Hard Drive,100
2024-38-09/05/24,224,P004,USB flash Drive,20
2024-38-09/05/24,225,P002,Laptop Backpack,60
2024-38-09/05/24,226,P007,Laptop Stand,40
2024-38-09/05/24,227,P010,External Hard Drive,100
2024-38-09/05/24,228,P009,Smartphone,600
2024-38-09/05/24,229,P009,Smartphone,600
2024-38-09/05/24,230,P004,USB flash Drive,20
2024-38-09/05/24,231,P008,HDMI Cable,15
2024-38-09/05/24,232,P004,USB flash Drive,20
2024-38-09/05/24,233,P005,Mobile Phone Case,15
2024-38-09/05/24,234,P001,Wireless Headphones,100
2024-38-09/05/24,235,P007,Laptop Stand,40
2024-38-09/05/24,236,P006,Wireless Mouse,30
2024-38-09/05/24,237,P001,Wireless Headphones,100
2024-38-09/05/24,238,P001,Wireless Headphones,100
2024-38-09/05/24,239,P006,Wireless Mouse,30
2024-38-09/05/24,240,P003,Bluetooth Speaker,50
2024-38-09/05/24,241,P005,Mobile Phone Case,15
2024-38-09/05/24,242,P003,Bluetooth Speaker,50
2024-38-09/05/24,243,P006,Wireless Mouse,30
2024-38-09/05/24,244,P006,Wireless Mouse,30
2024-38-09/05/24,245,P003,Bluetooth Speaker,50
2024-38-09/05/24,246,P002,Laptop Backpack,60
2024-38-09/05/24,247,P006,Wireless Mouse,30
2024-38-09/05/24,248,P009,Smartphone,600
2024-38-09/05/24,249,P001,Wireless Headphones,100
2024-38-09/05/24,250,P004,USB flash Drive,20
2024-38-09/05/24,251,P009,Smartphone,600
2024-38-09/05/24,252,P001,Wireless Headphones,100
2024-38-09/05/24,253,P008,HDMI Cable,15
2024-38-09/05/24,254,P008,HDMI Cable,15
2024-38-09/05/24,255,P002,Laptop Backpack,60
2024-38-09/05/24,256,P008,HDMI Cable,15
2024-38-09/05/24,257,P002,Laptop Backpack,60
2024-38-09/05/24,258,P008,HDMI Cable,15
2024-38-09/05/24,259,P003,Bluetooth Speaker,50
2024-38-09/05/24,260,P007,Laptop Stand,40
2024-38-09/05/24,261,P003,Bluetooth Speaker,50
2024-38-09/05/24,262,P001,Wireless Headphones,100
2024-38-09/05/24,263,P002,Laptop Backpack,60
2024-38-09/05/24,264,P008,HDMI Cable,15
2024-38-09/05/24,265,P010,External Hard Drive,100
2024-38-09/05/24,266,P008,HDMI Cable,15
2024-38-09/05/24,267,P003,Bluetooth Speaker,50
2024-38-09/05/24,268,P003,Bluetooth Speaker,50
2024-38-09/05/24,269,P001,Wireless Headphones,100
2024-38-09/05/24,270,P001,Wireless Headphones,100
2024-38-09/05/24,271,P001,Wireless Headphones,100
2024-38-09/05/24,272,P001,Wireless Headphones,100
2024-38-09/05/24,273,P006,Wireless Mouse,30
2024-38-09/05/24,274,P001,Wireless Headphones,100
2024-38-09/05/24,275,P003,Bluetooth Speaker,50
2024-38-09/05/24,276,P010,External Hard Drive,100
2024-38-09/05/24,277,P001,Wireless Headphones,100
2024-38-09/05/24,278,P004,USB flash Drive,20
2024-38-09/05/24,279,P003,Bluetooth Speaker,50
2024-38-09/05/24,280,P004,USB flash Drive,20
2024-38-09/05/24,281,P002,Laptop Backpack,60
2024-38-09/05/24,282,P003,Bluetooth Speaker,50
2024-38-09/05/24,283,P008,HDMI Cable,15
2024-38-09/05/24,284,P001,Wireless Headphones,100
2024-38-09/05/24,285,P004,USB flash Drive,20
2024-38-09/05/24,286,P007,Laptop Stand,40
2024-38-09/05/24,287,P010,External Hard Drive,100
2024-38-09/05/24,288,P007,Laptop Stand,40
2024-38-09/05/24,289,P001,Wireless Headphones,100
2024-38-09/05/24,290,P001,Wireless Headphones,100
2024-38-09/05/24,291,P001,Wireless Headphones,100
2024-38-09/05/24,292,P003,Bluetooth Speaker,50
2024-38-09/05/24,293,P004,USB flash Drive,20
2024-38-09/05/24,294,P010,External Hard Drive,100
2024-38-09/05/24,295,P003,Bluetooth Speaker,50
2024-38-09/05/24,296,P001,Wireless Headphones,100
2024-38-09/05/24,297,P003,Bluetooth Speaker,50
2024-38-09/05/24,298,P003,Bluetooth Speaker,50
2024-38-09/05/24,299,P001,Wireless Headphones,100
2024-38-09/05/24,300,P008,HDMI Cable,15
2024-38-09/05/24,301,P009,Smartphone,600
2024-38-09/05/24,302,P006,Wireless Mouse,30
2024-38-09/05/24,303,P007,Laptop Stand,40
2024-38-09/05/24,304,P008,HDMI Cable,15
2024-38-09/05/24,305,P010,External Hard Drive,100
2024-38-09/05/24,306,P009,Smartphone,600
2024-38-09/05/24,307,P003,Bluetooth Speaker,50
2024-38-09/05/24,308,P009,Smartphone,600
2024-38-09/05/24,309,P004,USB flash Drive,20
2024-38-09/05/24,310,P006,Wireless Mouse,30
2024-38-09/05/24,311,P003,Bluetooth Speaker,50
2024-38-09/05/24,312,P007,Laptop Stand,40
2024-38-09/05/24,313,P001,Wireless Headphones,100
2024-38-09/05/24,314,P003,Bluetooth Speaker,50
2024-38-09/05/24,315,P003,Bluetooth Speaker,50
2024-38-09/05/24,316,P002,Laptop Backpack,60
2024-38-09/05/24,317,P001,Wireless Headphones,100
2024-38-09/05/24,318,P008,HDMI Cable,15
2024-38-09/05/24,319,P003,Bluetooth Speaker,50
2024-38-09/05/24,320,P006,Wireless Mouse,30
2024-38-09/05/24,321,P002,Laptop Backpack,60
2024-38-09/05/24,322,P003,Bluetooth Speaker,50
2024-38-09/05/24,323,P002,Laptop Backpack,60
2024-38-09/05/24,324,P001,Wireless Headphones,100
2024-38-09/05/24,325,P010,External Hard Drive,100
2024-38-09/05/24,326,P003,Bluetooth Speaker,50
2024-38-09/05/24,327,P002,Laptop Backpack,60
2024-38-09/05/24,328,P008,HDMI Cable,15
2024-38-09/05/24,329,P006,Wireless Mouse,30
2024-38-09/05/24,330,P004,USB flash Drive,20
2024-38-09/05/24,331,P001,Wireless Headphones,100
2024-38-09/05/24,332,P001,Wireless Headphones,100
2024-38-09/05/24,333,P008,HDMI Cable,15
2024-38-09/05/24,334,P009,Smartphone,600
2024-38-09/05/24,335,P006,Wireless Mouse,30
2024-38-09/05/24,336,P006,Wireless Mouse,30
2024-38-09/05/24,337,P010,External Hard Drive,100
2024-38-09/05/24,338,P007,Laptop Stand,40
2024-38-09/05/24,339,P004,USB flash Drive,20
2024-38-09/05/24,340,P008,HDMI Cable,15
2024-38-09/05/24,341,P010,External Hard Drive,100
2024-38-09/05/24,342,P002,Laptop Backpack,60
2024-38-09/05/24,343,P010,External Hard Drive,100
2024-38-09/05/24,344,P007,Laptop Stand,40
2024-38-09/05/24,345,P010,External Hard Drive,100
2024-38-09/05/24,346,P003,Bluetooth Speaker,50
2024-38-09/05/24,347,P002,Laptop Backpack,60
2024-38-09/05/24,348,P005,Mobile Phone Case,15
2024-38-09/05/24,349,P010,External Hard Drive,100
2024-38-09/05/24,350,P001,Wireless Headphones,100
2024-38-09/05/24,351,P006,Wireless Mouse,30
2024-38-09/05/24,352,P001,Wireless Headphones,100
2024-38-09/05/24,353,P008,HDMI Cable,15
2024-38-09/05/24,354,P001,Wireless Headphones,100
2024-38-09/05/24,355,P006,Wireless Mouse,30
2024-38-09/05/24,356,P008,HDMI Cable,15
2024-38-09/05/24,357,P006,Wireless Mouse,30
2024-38-09/05/24,358,P002,Laptop Backpack,60
2024-38-09/05/24,359,P008,HDMI Cable,15
2024-38-09/05/24,360,P002,Laptop Backpack,60
2024-38-09/05/24,361,P008,HDMI Cable,15
2024-38-09/05/24,362,P006,Wireless Mouse,30
2024-38-09/05/24,363,P004,USB flash Drive,20
2024-38-09/05/24,364,P008,HDMI Cable,15
2024-38-09/05/24,365,P004,USB flash Drive,20
2024-38-09/05/24,366,P006,Wireless Mouse,30
2024-38-09/05/24,367,P001,Wireless Headphones,100
2024-38-09/05/24,368,P006,Wireless Mouse,30
2024-38-09/05/24,369,P004,USB flash Drive,20
2024-38-09/05/24,370,P001,Wireless Headphones,100
2024-38-09/05/24,371,P004,USB flash Drive,20
2024-38-09/05/24,372,P008,HDMI Cable,15
2024-38-09/05/24,373,P005,Mobile Phone Case,15
2024-38-09/05/24,374,P002,Laptop Backpack,60
2024-38-09/05/24,375,P009,Smartphone,600
2024-38-09/05/24,376,P010,External Hard Drive,100
2024-38-09/05/24,377,P004,USB flash Drive,20
2024-38-09/05/24,378,P004,USB flash Drive,20
2024-38-09/05/24,379,P001,Wireless Headphones,100
2024-38-09/05/24,380,P006,Wireless Mouse,30
2024-38-09/05/24,381,P005,Mobile Phone Case,15
2024-38-09/05/24,382,P001,Wireless Headphones,100
2024-38-09/05/24,383,P006,Wireless Mouse,30
2024-38-09/05/24,384,P003,Bluetooth Speaker,50
2024-38-09/05/24,385,P008,HDMI Cable,15
2024-38-09/05/24,386,P001,Wireless Headphones,100
2024-38-09/05/24,387,P006,Wireless Mouse,30
2024-38-09/05/24,388,P003,Bluetooth Speaker,50
2024-38-09/05/24,389,P001,Wireless Headphones,100
2024-38-09/05/24,390,P002,Laptop Backpack,60
2024-38-09/05/24,391,P007,Laptop Stand,40
2024-38-09/05/24,392,P006,Wireless Mouse,30
2024-38-09/05/24,393,P009,Smartphone,600
2024-38-09/05/24,394,P001,Wireless Headphones,100
2024-38-09/05/24,395,P007,Laptop Stand,40
2024-38-09/05/24,396,P004,USB flash Drive,20
2024-38-09/05/24,397,P004,USB flash Drive,20
2024-38-09/05/24,398,P001,Wireless Headphones,100
2024-38-09/05/24,399,P008,HDMI Cable,15
2024-38-09/05/24,400,P006,Wireless Mouse,30
2024-38-09/05/24,401,P003,Bluetooth Speaker,50
2024-38-09/05/24,402,P004,USB flash Drive,20
2024-38-09/05/24,403,P010,External Hard Drive,100
2024-38-09/05/24,404,P002,Laptop Backpack,60
2024-38-09/05/24,405,P001,Wireless Headphones,100
2024-38-09/05/24,406,P008,HDMI Cable,15
2024-38-09/05/24,407,P010,External Hard Drive,100
2024-38-09/05/24,408,P004,USB flash Drive,20
2024-38-09/05/24,409,P001,Wireless Headphones,100
2024-38-09/05/24,410,P004,USB flash Drive,20
2024-38-09/05/24,411,P006,Wireless Mouse,30
2024-38-09/05/24,412,P002,Laptop Backpack,60
2024-38-09/05/24,413,P007,Laptop Stand,40
2024-38-09/05/24,414,P003,Bluetooth Speaker,50
2024-38-09/05/24,415,P003,Bluetooth Speaker,50
2024-38-09/05/24,416,P004,USB flash Drive,20
2024-38-09/05/24,417,P004,USB flash Drive,20
2024-38-09/05/24,418,P010,External Hard Drive,100
2024-38-09/05/24,419,P010,External Hard Drive,100
2024-38-09/05/24,420,P004,USB flash Drive,20
2024-38-09/05/24,421,P001,Wireless Headphones,100
2024-38-09/05/24,422,P002,Laptop Backpack,60
2024-38-09/05/24,423,P001,Wireless Headphones,100
2024-38-09/05/24,424,P010,External Hard Drive,100
2024-38-09/05/24,425,P007,Laptop Stand,40
2024-38-09/05/24,426,P008,HDMI Cable,15
2024-38-09/05/24,427,P006,Wireless Mouse,30
2024-38-09/05/24,428,P005,Mobile Phone Case,15
2024-38-09/05/24,429,P003,Bluetooth Speaker,50
2024-38-09/05/24,430,P001,Wireless Headphones,100
2024-38-09/05/24,431,P001,Wireless Headphones,100
2024-38-09/05/24,432,P009,Smartphone,600
2024-38-09/05/24,433,P005,Mobile Phone Case,15
2024-38-09/05/24,434,P006,Wireless Mouse,30
2024-38-09/05/24,435,P001,Wireless Headphones,100
2024-38-09/05/24,436,P001,Wireless Headphones,100
2024-38-09/05/24,437,P001,Wireless Headphones,100
2024-38-09/05/24,438,P003,Bluetooth Speaker,50
2024-38-09/05/24,439,P001,Wireless Headphones,100
2024-38-09/05/24,440,P004,USB flash Drive,20
2024-38-09/05/24,441,P003,Bluetooth Speaker,50
2024-38-09/05/24,442,P004,USB flash Drive,20
2024-38-09/05/24,443,P001,Wireless Headphones,100
2024-38-09/05/24,444,P002,Laptop Backpack,60
2024-38-09/05/24,445,P003,Bluetooth Speaker,50
2024-38-09/05/24,446,P006,Wireless Mouse,30
2024-38-09/05/24,447,P003,Bluetooth Speaker,50
2024-38-09/05/24,448,P001,Wireless Headphones,100
2024-38-09/05/24,449,P004,USB flash Drive,20
2024-38-09/05/24,450,P001,Wireless Headphones,100
2024-38-09/05/24,451,P006,Wireless Mouse,30
2024-38-09/05/24,452,P003,Bluetooth Speaker,50
2024-38-09/05/24,453,P003,Bluetooth Speaker,50
2024-38-09/05/24,454,P001,Wireless Headphones,100
2024-38-09/05/24,455,P001,Wireless Headphones,100
2024-38-09/05/24,456,P001,Wireless Headphones,100
2024-38-09/05/24,457,P004,USB flash Drive,20
2024-38-09/05/24,458,P008,HDMI Cable,15
2024-38-09/05/24,459,P001,Wireless Headphones,100
2024-38-09/05/24,460,P003,Bluetooth Speaker,50
2024-38-09/05/24,461,P009,Smartphone,600
2024-38-09/05/24,462,P006,Wireless Mouse,30
2024-38-09/05/24,463,P010,External Hard Drive,100
2024-38-09/05/24,464,P010,External Hard Drive,100
2024-38-09/05/24,465,P004,USB flash Drive,20
2024-38-09/05/24,466,P006,Wireless Mouse,30
2024-38-09/05/24,467,P006,Wireless Mouse,30
2024-38-09/05/24,468,P001,Wireless Headphones,100
2024-38-09/05/24,469,P004,USB flash Drive,20
2024-38-09/05/24,470,P008,HDMI Cable,15
2024-38-09/05/24,471,P001,Wireless Headphones,100
2024-38-09/05/24,472,P006,Wireless Mouse,30
2024-38-09/05/24,473,P006,Wireless Mouse,30
2024-38-09/05/24,474,P008,HDMI Cable,15
2024-38-09/05/24,475,P001,Wireless Headphones,100
2024-38-09/05/24,476,P001,Wireless Headphones,100
2024-38-09/05/24,477,P002,Laptop Backpack,60
2024-38-09/05/24,478,P001,Wireless Headphones,100
2024-38-09/05/24,479,P001,Wireless Headphones,100
2024-38-09/05/24,480,P008,HDMI Cable,15
2024-38-09/05/24,481,P010,External Hard Drive,100
2024-38-09/05/24,482,P001,Wireless Headphones,100
2024-38-09/05/24,483,P008,HDMI Cable,15
2024-38-09/05/24,484,P010,External Hard Drive,100
2024-38-09/05/24,485,P010,External Hard Drive,100
2024-38-09/05/24,486,P005,Mobile Phone Case,15
2024-38-09/05/24,487,P008,HDMI Cable,15
2024-38-09/05/24,488,P004,USB flash Drive,20
2024-38-09/05/24,489,P003,Bluetooth Speaker,50
2024-38-09/05/24,490,P004,USB flash Drive,20
2024-38-09/05/24,491,P005,Mobile Phone Case,15
2024-38-09/05/24,492,P004,USB flash Drive,20
2024-38-09/05/24,493,P009,Smartphone,600
2024-38-09/05/24,494,P006,Wireless Mouse,30
2024-38-09/05/24,495,P007,Laptop Stand,40
2024-38-09/05/24,496,P009,Smartphone,600
2024-38-09/05/24,497,P004,USB flash Drive,20
2024-38-09/05/24,498,P006,Wireless Mouse,30
2024-38-09/05/24,499,P001,Wireless Headphones,100
2024-38-09/05/24,500,P001,Wireless Headphones,100
2024-38-09/05/24,501,P006,Wireless Mouse,30
2024-38-09/05/24,502,P002,Laptop Backpack,60
2024-38-09/05/24,503,P004,USB flash Drive,20
2024-38-09/05/24,504,P001,Wireless Headphones,100
2024-38-09/05/24,505,P004,USB flash Drive,20
2024-38-09/05/24,506,P010,External Hard Drive,100
2024-38-09/05/24,507,P003,Bluetooth Speaker,50
2024-38-09/05/24,508,P001,Wireless Headphones,100
2024-38-09/05/24,509,P006,Wireless Mouse,30
2024-38-09/05/24,510,P004,USB flash Drive,20
2024-38-09/05/24,511,P009,Smartphone,600
2024-38-09/05/24,512,P004,USB flash Drive,20
2024-38-09/05/24,513,P006,Wireless Mouse,30
2024-38-09/05/24,514,P010,External Hard Drive,100
2024-38-09/05/24,515,P001,Wireless Headphones,100
2024-38-09/05/24,516,P006,Wireless Mouse,30
2024-38-09/05/24,517,P010,External Hard Drive,100
2024-38-09/05/24,518,P006,Wireless Mouse,30
2024-38-09/05/24,519,P006,Wireless Mouse,30
2024-38-09/05/24,520,P001,Wireless Headphones,100
2024-38-09/05/24,521,P001,Wireless Headphones,100
2024-38-09/05/24,522,P003,Bluetooth Speaker,50
2024-38-09/05/24,523,P002,Laptop Backpack,60
2024-38-09/05/24,524,P001,Wireless Headphones,100
2024-38-09/05/24,525,P003,Bluetooth Speaker,50
2024-38-09/05/24,526,P003,Bluetooth Speaker,50
2024-38-09/05/24,527,P006,Wireless Mouse,30
2024-38-09/05/24,528,P001,Wireless Headphones,100
2024-38-09/05/24,529,P006,Wireless Mouse,30
2024-38-09/05/24,530,P008,HDMI Cable,15
2024-38-09/05/24,531,P010,External Hard Drive,100
2024-38-09/05/24,532,P004,USB flash Drive,20
2024-38-09/05/24,533,P003,Bluetooth Speaker,50
2024-38-09/05/24,534,P001,Wireless Headphones,100
2024-38-09/05/24,535,P008,HDMI Cable,15
2024-38-09/05/24,536,P004,USB flash Drive,20
2024-38-09/05/24,537,P006,Wireless Mouse,30
2024-38-09/05/24,538,P001,Wireless Headphones,100
2024-38-09/05/24,539,P003,Bluetooth Speaker,50
2024-38-09/05/24,540,P002,Laptop Backpack,60
2024-38-09/05/24,541,P001,Wireless Headphones,100
2024-38-09/05/24,542,P010,External Hard Drive,100
2024-38-09/05/24,543,P002,Laptop Backpack,60
2024-38-09/05/24,544,P006,Wireless Mouse,30
2024-38-09/05/24,545,P002,Laptop Backpack,60
2024-38-09/05/24,546,P008,HDMI Cable,15
2024-38-09/05/24,547,P002,Laptop Backpack,60
2024-38-09/05/24,548,P001,Wireless Headphones,100
2024-38-09/05/24,549,P003,Bluetooth Speaker,50
2024-38-09/05/24,550,P005,Mobile Phone Case,15
2024-38-09/05/24,551,P002,Laptop Backpack,60
2024-38-09/05/24,552,P002,Laptop Backpack,60
2024-38-09/05/24,553,P006,Wireless Mouse,30
2024-38-09/05/24,554,P007,Laptop Stand,40
2024-38-09/05/24,555,P001,Wireless Headphones,100
2024-38-09/05/24,556,P004,USB flash Drive,20
2024-38-09/05/24,557,P010,External Hard Drive,100
2024-38-09/05/24,558,P006,Wireless Mouse,30
2024-38-09/05/24,559,P005,Mobile Phone Case,15
2024-38-09/05/24,560,P002,Laptop Backpack,60
2024-38-09/05/24,561,P004,USB flash Drive,20
2024-38-09/05/24,562,P007,Laptop Stand,40
2024-38-09/05/24,563,P006,Wireless Mouse,30
2024-38-09/05/24,564,P001,Wireless Headphones,100
2024-38-09/05/24,565,P010,External Hard Drive,100
2024-38-09/05/24,566,P001,Wireless Headphones,100
2024-38-09/05/24,567,P002,Laptop Backpack,60
2024-38-09/05/24,568,P008,HDMI Cable,15
2024-38-09/05/24,569,P006,Wireless Mouse,30
2024-38-09/05/24,570,P001,Wireless Headphones,100
2024-38-09/05/24,571,P006,Wireless Mouse,30
2024-38-09/05/24,572,P004,USB flash Drive,20
2024-38-09/05/24,573,P010,External Hard Drive,100
2024-38-09/05/24,574,P010,External Hard Drive,100
2024-38-09/05/24,575,P008,HDMI Cable,15
2024-38-09/05/24,576,P008,HDMI Cable,15
2024-38-09/05/24,577,P007,Laptop Stand,40
2024-38-09/05/24,578,P004,USB flash Drive,20
2024-38-09/05/24,579,P007,Laptop Stand,40
2024-38-09/05/24,580,P001,Wireless Headphones,100
2024-38-09/05/24,581,P006,Wireless Mouse,30
2024-38-09/05/24,582,P004,USB flash Drive,20
2024-38-09/05/24,583,P010,External Hard Drive,100
2024-38-09/05/24,584,P010,External Hard Drive,100
2024-38-09/05/24,585,P007,Laptop Stand,40
2024-38-09/05/24,586,P001,Wireless Headphones,100
2024-38-09/05/24,587,P007,Laptop Stand,40
2024-38-09/05/24,588,P004,USB flash Drive,20
2024-38-09/05/24,589,P006,Wireless Mouse,30
2024-38-09/05/24,590,P006,Wireless Mouse,30
2024-38-09/05/24,591,P003,Bluetooth Speaker,50
2024-38-09/05/24,592,P006,Wireless Mouse,30
2024-38-09/05/24,593,P001,Wireless Headphones,100
2024-38-09/05/24,594,P001,Wireless Headphones,100
2024-38-09/05/24,595,P006,Wireless Mouse,30
2024-38-09/05/24,596,P010,External Hard Drive,100
2024-38-09/05/24,597,P006,Wireless Mouse,30
2024-38-09/05/24,598,P008,HDMI Cable,15
2024-38-09/05/24,599,P008,HDMI Cable,15
2024-38-09/05/24,600,P006,Wireless Mouse,30
2024-38-09/05/24,601,P005,Mobile Phone Case,15
2024-38-09/05/24,602,P002,Laptop Backpack,60
2024-38-09/05/24,603,P004,USB flash Drive,20
2024-38-09/05/24,604,P009,Smartphone,600
2024-38-09/05/24,605,P010,External Hard Drive,100
2024-38-09/05/24,606,P010,External Hard Drive,100
2024-38-09/05/24,607,P002,Laptop Backpack,60
2024-38-09/05/24,608,P001,Wireless Headphones,100
2024-38-09/05/24,609,P001,Wireless Headphones,100
2024-38-09/05/24,610,P006,Wireless Mouse,30
2024-38-09/05/24,611,P001,Wireless Headphones,100
2024-38-09/05/24,612,P007,Laptop Stand,40
2024-38-09/05/24,613,P003,Bluetooth Speaker,50
2024-38-09/05/24,614,P001,Wireless Headphones,100
2024-38-09/05/24,615,P010,External Hard Drive,100
2024-38-09/05/24,616,P010,External Hard Drive,100
2024-38-09/05/24,617,P001,Wireless Headphones,100
2024-38-09/05/24,618,P004,USB flash Drive,20
2024-38-09/05/24,619,P006,Wireless Mouse,30
2024-38-09/05/24,620,P008,HDMI Cable,15
2024-38-09/05/24,621,P001,Wireless Headphones,100
2024-38-09/05/24,622,P010,External Hard Drive,100
2024-38-09/05/24,623,P009,Smartphone,600
2024-38-09/05/24,624,P004,USB flash Drive,20
2024-38-09/05/24,625,P003,Bluetooth Speaker,50
2024-38-09/05/24,626,P002,Laptop Backpack,60
2024-38-09/05/24,627,P003,Bluetooth Speaker,50
2024-38-09/05/24,628,P010,External Hard Drive,100
2024-38-09/05/24,629,P004,USB flash Drive,20
2024-38-09/05/24,630,P002,Laptop Backpack,60
2024-38-09/05/24,631,P003,Bluetooth Speaker,50
2024-38-09/05/24,632,P009,Smartphone,600
2024-38-09/05/24,633,P010,External Hard Drive,100
2024-38-09/05/24,634,P006,Wireless Mouse,30
2024-38-09/05/24,635,P008,HDMI Cable,15
2024-38-09/05/24,636,P003,Bluetooth Speaker,50
2024-38-09/05/24,637,P002,Laptop Backpack,60
2024-38-09/05/24,638,P004,USB flash Drive,20
2024-38-09/05/24,639,P002,Laptop Backpack,60
2024-38-09/05/24,640,P001,Wireless Headphones,100
2024-38-09/05/24,641,P007,Laptop Stand,40
2024-38-09/05/24,642,P006,Wireless Mouse,30
2024-38-09/05/24,643,P002,Laptop Backpack,60
2024-38-09/05/24,644,P008,HDMI Cable,15
2024-38-09/05/24,645,P008,HDMI Cable,15
2024-38-09/05/24,646,P008,HDMI Cable,15
2024-38-09/05/24,647,P008,HDMI Cable,15
2024-38-09/05/24,648,P008,HDMI Cable,15
2024-38-09/05/24,649,P002,Laptop Backpack,60
2024-38-09/05/24,650,P010,External Hard Drive,100
2024-38-09/05/24,651,P004,USB flash Drive,20
2024-38-09/05/24,652,P002,Laptop Backpack,60
2024-38-09/05/24,653,P010,External Hard Drive,100
2024-38-09/05/24,654,P006,Wireless Mouse,30
2024-38-09/05/24,655,P001,Wireless Headphones,100
2024-38-09/05/24,656,P010,External Hard Drive,100
2024-38-09/05/24,657,P009,Smartphone,600
2024-38-09/05/24,658,P001,Wireless Headphones,100
2024-38-09/05/24,659,P010,External Hard Drive,100
2024-38-09/05/24,660,P004,USB flash Drive,20
2024-38-09/05/24,661,P006,Wireless Mouse,30
2024-38-09/05/24,662,P004,USB flash Drive,20
2024-38-09/05/24,663,P004,USB flash Drive,20
2024-38-09/05/24,664,P001,Wireless Headphones,100
2024-38-09/05/24,665,P004,USB flash Drive,20
2024-38-09/05/24,666,P004,USB flash Drive,20
2024-38-09/05/24,667,P004,USB flash Drive,20
2024-38-09/05/24,668,P004,USB flash Drive,20
2024-38-09/05/24,669,P005,Mobile Phone Case,15
2024-38-09/05/24,670,P003,Bluetooth Speaker,50
2024-38-09/05/24,671,P007,Laptop Stand,40
2024-38-09/05/24,672,P001,Wireless Headphones,100
2024-38-09/05/24,673,P004,USB flash Drive,20
2024-38-09/05/24,674,P006,Wireless Mouse,30
2024-38-09/05/24,675,P010,External Hard Drive,100
2024-38-09/05/24,676,P003,Bluetooth Speaker,50
2024-38-09/05/24,677,P001,Wireless Headphones,100
2024-38-09/05/24,678,P008,HDMI Cable,15
2024-38-09/05/24,679,P008,HDMI Cable,15
2024-38-09/05/24,680,P001,Wireless Headphones,100
2024-38-09/05/24,681,P008,HDMI Cable,15
2024-38-09/05/24,682,P007,Laptop Stand,40
2024-38-09/05/24,683,P002,Laptop Backpack,60
2024-38-09/05/24,684,P010,External Hard Drive,100
2024-38-09/05/24,685,P001,Wireless Headphones,100
2024-38-09/05/24,686,P006,Wireless Mouse,30
2024-38-09/05/24,687,P010,External Hard Drive,100
2024-38-09/05/24,688,P005,Mobile Phone Case,15
2024-38-09/05/24,689,P004,USB flash Drive,20
2024-38-09/05/24,690,P002,Laptop Backpack,60
2024-38-09/05/24,691,P004,USB flash Drive,20
2024-38-09/05/24,692,P002,Laptop Backpack,60
2024-38-09/05/24,693,P002,Laptop Backpack,60
2024-38-09/05/24,694,P010,External Hard Drive,100
2024-38-09/05/24,695,P007,Laptop Stand,40
2024-38-09/05/24,696,P008,HDMI Cable,15
2024-38-09/05/24,697,P001,Wireless Headphones,100
2024-38-09/05/24,698,P009,Smartphone,600
2024-38-09/05/24,699,P001,Wireless Headphones,100
2024-38-09/05/24,700,P008,HDMI Cable,15
2024-38-09/05/24,701,P006,Wireless Mouse,30
2024-38-09/05/24,702,P004,USB flash Drive,20
2024-38-09/05/24,703,P001,Wireless Headphones,100
2024-38-09/05/24,704,P001,Wireless Headphones,100
2024-38-09/05/24,705,P006,Wireless Mouse,30
2024-38-09/05/24,706,P001,Wireless Headphones,100
2024-38-09/05/24,707,P006,Wireless Mouse,30
2024-38-09/05/24,708,P004,USB flash Drive,20
2024-38-09/05/24,709,P009,Smartphone,600
2024-38-09/05/24,710,P004,USB flash Drive,20
2024-38-09/05/24,711,P001,Wireless Headphones,100
2024-38-09/05/24,712,P010,External Hard Drive,100
2024-38-09/05/24,713,P006,Wireless Mouse,30
2024-38-09/05/24,714,P010,External Hard Drive,100
2024-38-09/05/24,715,P008,HDMI Cable,15
2024-38-09/05/24,716,P004,USB flash Drive,20
2024-38-09/05/24,717,P001,Wireless Headphones,100
2024-38-09/05/24,718,P007,Laptop Stand,40
2024-38-09/05/24,719,P001,Wireless Headphones,100
2024-38-09/05/24,720,P004,USB flash Drive,20
2024-38-09/05/24,721,P009,Smartphone,600
2024-38-09/05/24,722,P004,USB flash Drive,20
2024-38-09/05/24,723,P001,Wireless Headphones,100
2024-38-09/05/24,724,P008,HDMI Cable,15
2024-38-09/05/24,725,P001,Wireless Headphones,100
2024-38-09/05/24,726,P008,HDMI Cable,15
2024-38-09/05/24,727,P004,USB flash Drive,20
2024-38-09/05/24,728,P010,External Hard Drive,100
2024-38-09/05/24,729,P007,Laptop Stand,40
2024-38-09/05/24,730,P005,Mobile Phone Case,15
2024-38-09/05/24,731,P010,External Hard Drive,100
2024-38-09/05/24,732,P006,Wireless Mouse,30
2024-38-09/05/24,733,P002,Laptop Backpack,60
2024-38-09/05/24,734,P001,Wireless Headphones,100
2024-38-09/05/24,735,P004,USB flash Drive,20
2024-38-09/05/24,736,P006,Wireless Mouse,30
2024-38-09/05/24,737,P002,Laptop Backpack,60
2024-38-09/05/24,738,P010,External Hard Drive,100
2024-38-09/05/24,739,P008,HDMI Cable,15
2024-38-09/05/24,740,P006,Wireless Mouse,30
2024-38-09/05/24,741,P010,External Hard Drive,100
2024-38-09/05/24,742,P008,HDMI Cable,15
2024-38-09/05/24,743,P006,Wireless Mouse,30
2024-38-09/05/24,744,P004,USB flash Drive,20
2024-38-09/05/24,745,P004,USB flash Drive,20
2024-38-09/05/24,746,P006,Wireless Mouse,30
2024-38-09/05/24,747,P001,Wireless Headphones,100
2024-38-09/05/24,748,P010,External Hard Drive,100
2024-38-09/05/24,749,P005,Mobile Phone Case,15
2024-38-09/05/24,750,P002,Laptop Backpack,60
2024-38-09/05/24,751,P004,USB flash Drive,20
2024-38-09/05/24,752,P004,USB flash Drive,20
2024-38-09/05/24,753,P001,Wireless Headphones,100
2024-38-09/05/24,754,P001,Wireless Headphones,100
2024-38-09/05/24,755,P003,Bluetooth Speaker,50
2024-38-09/05/24,756,P010,External Hard Drive,100
2024-38-09/05/24,757,P001,Wireless Headphones,100
2024-38-09/05/24,758,P003,Bluetooth Speaker,50
2024-38-09/05/24,759,P005,Mobile Phone Case,15
2024-38-09/05/24,760,P006,Wireless Mouse,30
2024-38-09/05/24,761,P008,HDMI Cable,15
2024-38-09/05/24,762,P008,HDMI Cable,15
2024-38-09/05/24,763,P002,Laptop Backpack,60
2024-38-09/05/24,764,P002,Laptop Backpack,60
2024-38-09/05/24,765,P004,USB flash Drive,20
2024-38-09/05/24,766,P008,HDMI Cable,15
2024-38-09/05/24,767,P004,USB flash Drive,20
2024-38-09/05/24,768,P003,Bluetooth Speaker,50
2024-38-09/05/24,769,P002,Laptop Backpack,60
2024-38-09/05/24,770,P005,Mobile Phone Case,15
2024-38-09/05/24,771,P001,Wireless Headphones,100
2024-38-09/05/24,772,P001,Wireless Headphones,100
2024-38-09/05/24,773,P008,HDMI Cable,15
2024-38-09/05/24,774,P006,Wireless Mouse,30
2024-38-09/05/24,775,P008,HDMI Cable,15
2024-38-09/05/24,776,P002,Laptop Backpack,60
2024-38-09/05/24,777,P005,Mobile Phone Case,15
2024-38-09/05/24,778,P008,HDMI Cable,15
2024-38-09/05/24,779,P002,Laptop Backpack,60
2024-38-09/05/24,780,P005,Mobile Phone Case,15
2024-38-09/05/24,781,P007,Laptop Stand,40
2024-38-09/05/24,782,P002,Laptop Backpack,60
2024-38-09/05/24,783,P010,External Hard Drive,100
2024-38-09/05/24,784,P008,HDMI Cable,15
2024-38-09/05/24,785,P008,HDMI Cable,15
2024-38-09/05/24,786,P001,Wireless Headphones,100
2024-38-09/05/24,787,P006,Wireless Mouse,30
2024-38-09/05/24,788,P006,Wireless Mouse,30
2024-38-09/05/24,789,P010,External Hard Drive,100
2024-38-09/05/24,790,P001,Wireless Headphones,100
2024-38-09/05/24,791,P003,Bluetooth Speaker,50
2024-38-09/05/24,792,P009,Smartphone,600
2024-38-09/05/24,793,P009,Smartphone,600
2024-38-09/05/24,794,P009,Smartphone,600
2024-38-09/05/24,795,P001,Wireless Headphones,100
2024-38-09/05/24,796,P004,USB flash Drive,20
2024-38-09/05/24,797,P008,HDMI Cable,15
2024-38-09/05/24,798,P010,External Hard Drive,100
2024-38-09/05/24,799,P009,Smartphone,600
2024-38-09/05/24,800,P008,HDMI Cable,15
2024-38-09/05/24,801,P010,External Hard Drive,100
2024-38-09/05/24,802,P004,USB flash Drive,20
2024-38-09/05/24,803,P010,External Hard Drive,100
2024-38-09/05/24,804,P002,Laptop Backpack,60
2024-38-09/05/24,805,P005,Mobile Phone Case,15
2024-38-09/05/24,806,P008,HDMI Cable,15
2024-38-09/05/24,807,P009,Smartphone,600
2024-38-09/05/24,808,P004,USB flash Drive,20
2024-38-09/05/24,809,P008,HDMI Cable,15
2024-38-09/05/24,810,P004,USB flash Drive,20
2024-38-09/05/24,811,P006,Wireless Mouse,30
2024-38-09/05/24,812,P002,Laptop Backpack,60
2024-38-09/05/24,813,P008,HDMI Cable,15
2024-38-09/05/24,814,P001,Wireless Headphones,100
2024-38-09/05/24,815,P008,HDMI Cable,15
2024-38-09/05/24,816,P007,Laptop Stand,40
2024-38-09/05/24,817,P004,USB flash Drive,20
2024-38-09/05/24,818,P008,HDMI Cable,15
2024-38-09/05/24,819,P001,Wireless Headphones,100
2024-38-09/05/24,820,P006,Wireless Mouse,30
2024-38-09/05/24,821,P003,Bluetooth Speaker,50
2024-38-09/05/24,822,P004,USB flash Drive,20
2024-38-09/05/24,823,P006,Wireless Mouse,30
2024-38-09/05/24,824,P004,USB flash Drive,20
2024-38-09/05/24,825,P008,HDMI Cable,15
2024-38-09/05/24,826,P006,Wireless Mouse,30
2024-38-09/05/24,827,P006,Wireless Mouse,30
2024-38-09/05/24,828,P010,External Hard Drive,100
2024-38-09/05/24,829,P004,USB flash Drive,20
2024-38-09/05/24,830,P006,Wireless Mouse,30
2024-38-09/05/24,831,P006,Wireless Mouse,30
2024-38-09/05/24,832,P006,Wireless Mouse,30
2024-38-09/05/24,833,P002,Laptop Backpack,60
2024-38-09/05/24,834,P009,Smartphone,600
2024-38-09/05/24,835,P001,Wireless Headphones,100
2024-38-09/05/24,836,P010,External Hard Drive,100
2024-38-09/05/24,837,P005,Mobile Phone Case,15
2024-38-09/05/24,838,P010,External Hard Drive,100
2024-38-09/05/24,839,P001,Wireless Headphones,100
2024-38-09/05/24,840,P001,Wireless Headphones,100
2024-38-09/05/24,841,P007,Laptop Stand,40
2024-38-09/05/24,842,P001,Wireless Headphones,100
2024-38-09/05/24,843,P001,Wireless Headphones,100
2024-38-09/05/24,844,P006,Wireless Mouse,30
2024-38-09/05/24,845,P010,External Hard Drive,100
2024-38-09/05/24,846,P006,Wireless Mouse,30
2024-38-09/05/24,847,P006,Wireless Mouse,30
2024-38-09/05/24,848,P001,Wireless Headphones,100
2024-38-09/05/24,849,P002,Laptop Backpack,60
2024-38-09/05/24,850,P006,Wireless Mouse,30
2024-38-09/05/24,851,P006,Wireless Mouse,30
2024-38-09/05/24,852,P002,Laptop Backpack,60
2024-38-09/05/24,853,P010,External Hard Drive,100
2024-38-09/05/24,854,P008,HDMI Cable,15
2024-38-09/05/24,855,P001,Wireless Headphones,100
2024-38-09/05/24,856,P002,Laptop Backpack,60
2024-38-09/05/24,857,P010,External Hard Drive,100
2024-38-09/05/24,858,P004,USB flash Drive,20
2024-38-09/05/24,859,P005,Mobile Phone Case,15
2024-38-09/05/24,860,P001,Wireless Headphones,100
2024-38-09/05/24,861,P004,USB flash Drive,20
2024-38-09/05/24,862,P008,HDMI Cable,15
2024-38-09/05/24,863,P009,Smartphone,600
2024-38-09/05/24,864,P009,Smartphone,600
2024-38-09/05/24,865,P004,USB flash Drive,20
2024-38-09/05/24,866,P002,Laptop Backpack,60
2024-38-09/05/24,867,P007,Laptop Stand,40
2024-38-09/05/24,868,P008,HDMI Cable,15
2024-38-09/05/24,869,P010,External Hard Drive,100
2024-38-09/05/24,870,P006,Wireless Mouse,30
2024-38-09/05/24,871,P010,External Hard Drive,100
2024-38-09/05/24,872,P001,Wireless Headphones,100
2024-38-09/05/24,873,P001,Wireless Headphones,100
2024-38-09/05/24,874,P002,Laptop Backpack,60
2024-38-09/05/24,875,P007,Laptop Stand,40
2024-38-09/05/24,876,P002,Laptop Backpack,60
2024-38-09/05/24,877,P006,Wireless Mouse,30
2024-38-09/05/24,878,P006,Wireless Mouse,30
2024-38-09/05/24,879,P005,Mobile Phone Case,15
2024-38-09/05/24,880,P004,USB flash Drive,20
2024-38-09/05/24,881,P010,External Hard Drive,100
2024-38-09/05/24,882,P007,Laptop Stand,40
2024-38-09/05/24,883,P005,Mobile Phone Case,15
2024-38-09/05/24,884,P002,Laptop Backpack,60
2024-38-09/05/24,885,P010,External Hard Drive,100
2024-38-09/05/24,886,P004,USB flash Drive,20
2024-38-09/05/24,887,P004,USB flash Drive,20
2024-38-09/05/24,888,P001,Wireless Headphones,100
2024-38-09/05/24,889,P005,Mobile Phone Case,15
2024-38-09/05/24,890,P004,USB flash Drive,20
2024-38-09/05/24,891,P004,USB flash Drive,20
2024-38-09/05/24,892,P010,External Hard Drive,100
2024-38-09/05/24,893,P004,USB flash Drive,20
2024-38-09/05/24,894,P009,Smartphone,600
2024-38-09/05/24,895,P005,Mobile Phone Case,15
2024-38-09/05/24,896,P009,Smartphone,600
2024-38-09/05/24,897,P007,Laptop Stand,40
2024-38-09/05/24,898,P005,Mobile Phone Case,15
2024-38-09/05/24,899,P004,USB flash Drive,20
2024-38-09/05/24,900,P003,Bluetooth Speaker,50
2024-38-09/05/24,901,P001,Wireless Headphones,100
2024-38-09/05/24,902,P003,Bluetooth Speaker,50
2024-38-09/05/24,903,P001,Wireless Headphones,100
2024-38-09/05/24,904,P001,Wireless Headphones,100
2024-38-09/05/24,905,P004,USB flash Drive,20
2024-38-09/05/24,906,P006,Wireless Mouse,30
2024-38-09/05/24,907,P003,Bluetooth Speaker,50
2024-38-09/05/24,908,P002,Laptop Backpack,60
2024-38-09/05/24,909,P001,Wireless Headphones,100
2024-38-09/05/24,910,P003,Bluetooth Speaker,50
2024-38-09/05/24,911,P008,HDMI Cable,15
2024-38-09/05/24,912,P010,External Hard Drive,100
2024-38-09/05/24,913,P004,USB flash Drive,20
2024-38-09/05/24,914,P008,HDMI Cable,15
2024-38-09/05/24,915,P002,Laptop Backpack,60
2024-38-09/05/24,916,P006,Wireless Mouse,30
2024-38-09/05/24,917,P006,Wireless Mouse,30
2024-38-09/05/24,918,P002,Laptop Backpack,60
2024-38-09/05/24,919,P010,External Hard Drive,100
2024-38-09/05/24,920,P008,HDMI Cable,15
2024-38-09/05/24,921,P009,Smartphone,600
2024-38-09/05/24,922,P008,HDMI Cable,15
2024-38-09/05/24,923,P005,Mobile Phone Case,15
2024-38-09/05/24,924,P004,USB flash Drive,20
2024-38-09/05/24,925,P001,Wireless Headphones,100
2024-38-09/05/24,926,P002,Laptop Backpack,60
2024-38-09/05/24,927,P002,Laptop Backpack,60
2024-38-09/05/24,928,P004,USB flash Drive,20
2024-38-09/05/24,929,P004,USB flash Drive,20
2024-38-09/05/24,930,P002,Laptop Backpack,60
2024-38-09/05/24,931,P006,Wireless Mouse,30
2024-38-09/05/24,932,P004,USB flash Drive,20
2024-38-09/05/24,933,P010,External Hard Drive,100
2024-38-09/05/24,934,P006,Wireless Mouse,30
2024-38-09/05/24,935,P003,Bluetooth Speaker,50
2024-38-09/05/24,936,P001,Wireless Headphones,100
2024-38-09/05/24,937,P010,External Hard Drive,100
2024-38-09/05/24,938,P009,Smartphone,600
2024-38-09/05/24,939,P001,Wireless Headphones,100
2024-38-09/05/24,940,P010,External Hard Drive,100
2024-38-09/05/24,941,P001,Wireless Headphones,100
2024-38-09/05/24,942,P001,Wireless Headphones,100
2024-38-09/05/24,943,P001,Wireless Headphones,100
2024-38-09/05/24,944,P004,USB flash Drive,20
2024-38-09/05/24,945,P004,USB flash Drive,20
2024-38-09/05/24,946,P010,External Hard Drive,100
2024-38-09/05/24,947,P006,Wireless Mouse,30
2024-38-09/05/24,948,P004,USB flash Drive,20
2024-38-09/05/24,949,P008,HDMI Cable,15
2024-38-09/05/24,950,P003,Bluetooth Speaker,50
2024-38-09/05/24,951,P004,USB flash Drive,20
2024-38-09/05/24,952,P008,HDMI Cable,15
2024-38-09/05/24,953,P005,Mobile Phone Case,15
2024-38-09/05/24,954,P006,Wireless Mouse,30
2024-38-09/05/24,955,P001,Wireless Headphones,100
2024-38-09/05/24,956,P006,Wireless Mouse,30
2024-38-09/05/24,957,P004,USB flash Drive,20
2024-38-09/05/24,958,P002,Laptop Backpack,60
2024-38-09/05/24,959,P006,Wireless Mouse,30
2024-38-09/05/24,960,P003,Bluetooth Speaker,50
2024-38-09/05/24,961,P003,Bluetooth Speaker,50
2024-38-09/05/24,962,P005,Mobile Phone Case,15
2024-38-09/05/24,963,P009,Smartphone,600
2024-38-09/05/24,964,P007,Laptop Stand,40
2024-38-09/05/24,965,P004,USB flash Drive,20
2024-38-09/05/24,966,P009,Smartphone,600
2024-38-09/05/24,967,P003,Bluetooth Speaker,50
2024-38-09/05/24,968,P008,HDMI Cable,15
2024-38-09/05/24,969,P004,USB flash Drive,20
2024-38-09/05/24,970,P004,USB flash Drive,20
2024-38-09/05/24,971,P001,Wireless Headphones,100
2024-38-09/05/24,972,P003,Bluetooth Speaker,50
2024-38-09/05/24,973,P001,Wireless Headphones,100
2024-38-09/05/24,974,P002,Laptop Backpack,60
2024-38-09/05/24,975,P006,Wireless Mouse,30
2024-38-09/05/24,976,P004,USB flash Drive,20
2024-38-09/05/24,977,P003,Bluetooth Speaker,50
2024-38-09/05/24,978,P010,External Hard Drive,100
2024-38-09/05/24,979,P010,External Hard Drive,100
2024-38-09/05/24,980,P004,USB flash Drive,20
2024-38-09/05/24,981,P008,HDMI Cable,15
2024-38-09/05/24,982,P002,Laptop Backpack,60
2024-38-09/05/24,983,P003,Bluetooth Speaker,50
2024-38-09/05/24,984,P010,External Hard Drive,100
2024-38-09/05/24,985,P002,Laptop Backpack,60
2024-38-09/05/24,986,P002,Laptop Backpack,60
2024-38-09/05/24,987,P001,Wireless Headphones,100
2024-38-09/05/24,988,P001,Wireless Headphones,100
2024-38-09/05/24,989,P006,Wireless Mouse,30
2024-38-09/05/24,990,P002,Laptop Backpack,60
2024-38-09/05/24,991,P004,USB flash Drive,20
2024-38-09/05/24,992,P006,Wireless Mouse,30
2024-38-09/05/24,993,P001,Wireless Headphones,100
2024-38-09/05/24,994,P005,Mobile Phone Case,15
2024-38-09/05/24,995,P006,Wireless Mouse,30
2024-38-09/05/24,996,P006,Wireless Mouse,30
2024-38-09/05/24,997,P004,USB flash Drive,20
2024-38-09/05/24,998,P001,Wireless Headphones,100
2024-38-09/05/24,999,P006,Wireless Mouse,30
2024-38-09/05/24,1000,P001,Wireless Headphones,100
